	BAB SemApp	suppressed
	BAB Verm-Auss	suppressed
	BHA Archiv	suppressed
	BHA Ausbildung	suppressed
	BHA Best-Aufb	suppressed
	BHA Direktion	suppressed
	BHA Geschichte	suppressed
	BHA Philosoph	suppressed
	BHA Physik	suppressed
	BHA Theologie	suppressed
	BHA Wirtschaft	suppressed
	BR SemApp	suppressed
	BR Verm-Auss	suppressed
BR	Bde-in-Erw	suppressed
EFB	Bde-in-Erw	suppressed
S7	Bde-in-Erw	suppressed
SM	Bde-in-Erw	suppressed
HA	CET	suppressed
HA	CET_InnoL	suppressed
HA	Dez_Bau	suppressed
BHA	Direktion	suppressed
HA	DoBuS	suppressed
HA	DoKoLL	suppressed
	EFB SchliessF	suppressed
	EFB SemApp	suppressed
	EFB Verm-Auss	suppressed
HA	Funken	suppressed
HA	FunkenReha	suppressed
HA	FunkenTheo	suppressed
	HA CET	suppressed
	HA CET_InnoL	suppressed
	HA Dez_Bau	suppressed
	HA DoBuS	suppressed
	HA DoKoLL	suppressed
	HA Funken	suppressed
	HA FunkenReha	suppressed
	HA FunkenTheo	suppressed
	HA HDZ	suppressed
	HA HRZ	suppressed
	HA HSP	suppressed
	HA IFS	suppressed
	HA K4D	suppressed
	HA LH0003	suppressed
	HA LH0007	suppressed
	HA LH0024	suppressed
	HA LH0028	suppressed
	HA LH0030W	suppressed
	HA LH0032	suppressed
	HA LH0033	suppressed
	HA LH0048	suppressed
	HA LH0067	suppressed
	HA LH0069	suppressed
	HA LH0072	suppressed
	HA LH0072P	suppressed
	HA LH0075	suppressed
	HA LH0079	suppressed
	HA LH0084	suppressed
	HA LH0085	suppressed
	HA LH0087	suppressed
	HA LH0090	suppressed
	HA LH0093	suppressed
	HA LH0095	suppressed
	HA LH0097	suppressed
	HA LH0101	suppressed
	HA LH0102	suppressed
	HA LH0102P	suppressed
	HA LH0105	suppressed
	HA LH0105P	suppressed
	HA LH0110	suppressed
	HA LH0110P	suppressed
	HA LH0112	suppressed
	HA LH0112P	suppressed
	HA LH0132	suppressed
	HA LH0132P	suppressed
	HA LH0150	suppressed
	HA LH0151	suppressed
	HA LH0155	suppressed
	HA LH0157P	suppressed
	HA LH0173	suppressed
	HA LH0176	suppressed
	HA LH0177	suppressed
	HA LH0180	suppressed
	HA LH0182	suppressed
	HA LH0183	suppressed
	HA LH0184	suppressed
	HA LH0185	suppressed
	HA LH0186	suppressed
	HA LH0188	suppressed
	HA LH0200	suppressed
	HA LH0202	suppressed
	HA LH0202S	suppressed
	HA LH0203	suppressed
	HA LH0203S	suppressed
	HA LH0204	suppressed
	HA LH0209	suppressed
	HA LH0210	suppressed
	HA LH0217	suppressed
	HA LH0217P	suppressed
	HA LH0220	suppressed
	HA LH0230	suppressed
	HA LH0245	suppressed
	HA LH0245P	suppressed
	HA LH0302	suppressed
	HA LH0305	suppressed
	HA LH0305P	suppressed
	HA LH0310	suppressed
	HA LH0319	suppressed
	HA LH0319P	suppressed
	HA LH0320	suppressed
	HA LH0320P	suppressed
	HA LH0323	suppressed
	HA LH0323P	suppressed
	HA LH0324	suppressed
	HA LH0324P	suppressed
	HA LH0417	suppressed
	HA LH0418	suppressed
	HA LH0426	suppressed
	HA LH0430	suppressed
	HA LH0453	suppressed
	HA LH0454	suppressed
	HA LH0456	suppressed
	HA LH0460	suppressed
	HA LH0475	suppressed
	HA LH0480	suppressed
	HA LH0485	suppressed
	HA LH0490	suppressed
	HA LH0500	suppressed
	HA LH0501	suppressed
	HA LH0501S	suppressed
	HA LH0502	suppressed
	HA LH0504P	suppressed
	HA LH0506	suppressed
	HA LH0508S	suppressed
	HA LH0509	suppressed
	HA LH0512	suppressed
	HA LH0517	suppressed
	HA LH0822	suppressed
	HA LH0900	suppressed
	HA LH0902	suppressed
	HA LH1208	suppressed
	HA LH1280	suppressed
	HA LH1300P	suppressed
	HA LH1310	suppressed
	HA LH1310P	suppressed
	HA LH1317P	suppressed
	HA LH1329	suppressed
	HA LH1342	suppressed
	HA LH1354	suppressed
	HA LH1354P	suppressed
	HA LH1372	suppressed
	HA LH1385	suppressed
	HA LH1401	suppressed
	HA LH1402	suppressed
	HA LH1453	suppressed
	HA LH1457	suppressed
	HA LH1464	suppressed
	HA LH1512	suppressed
	HA LH1515	suppressed
	HA LH1603	suppressed
	HA LH1624	suppressed
	HA LH2000	suppressed
	HA LH2001	suppressed
	HA LH2002	suppressed
	HA LH2003	suppressed
	HA LH2004	suppressed
	HA LH2005	suppressed
	HA LH2006	suppressed
	HA LH2007	suppressed
	HA LH2008	suppressed
	HA LH2009	suppressed
	HA LH2012	suppressed
	HA LH2013	suppressed
	HA LH2014	suppressed
	HA LH2015	suppressed
	HA LH2016	suppressed
	HA LH2017	suppressed
	HA LH2050	suppressed
	HA LH2051	suppressed
	HA LH2052	suppressed
	HA LH2053	suppressed
	HA LH2054	suppressed
	HA LH2055S	suppressed
	HA LH2057	suppressed
	HA LH2058	suppressed
	HA LH2060	suppressed
	HA LH2062	suppressed
	HA LH2063	suppressed
	HA LH2064	suppressed
	HA LH2065	suppressed
	HA LH2066	suppressed
	HA LH2067	suppressed
	HA LH2068	suppressed
	HA LH2100	suppressed
	HA LH2101	suppressed
	HA LH2103	suppressed
	HA LH2104	suppressed
	HA LH2106	suppressed
	HA LH2107	suppressed
	HA LH2108	suppressed
	HA LH2109	suppressed
	HA LH2110	suppressed
	HA LH2111	suppressed
	HA LH2112	suppressed
	HA LH2113	suppressed
	HA LH2114	suppressed
	HA LH2115	suppressed
	HA LH2116	suppressed
	HA LH2117	suppressed
	HA LH2150	suppressed
	HA LH2150P	suppressed
	HA LH2153	suppressed
	HA LH2156	suppressed
	HA LH2157	suppressed
	HA LH2158	suppressed
	HA LH2159	suppressed
	HA LH2160	suppressed
	HA LH2162	suppressed
	HA LH2163	suppressed
	HA LH2165	suppressed
	HA LH2166	suppressed
	HA LH2167	suppressed
	HA LH2168	suppressed
	HA LH2169	suppressed
	HA LH2170	suppressed
	HA LH2200	suppressed
	HA LH2202	suppressed
	HA LH2203	suppressed
	HA LH2204	suppressed
	HA LH2205	suppressed
	HA LH2206	suppressed
	HA LH2207	suppressed
	HA LH2208	suppressed
	HA LH2209	suppressed
	HA LH2210	suppressed
	HA LH2211	suppressed
	HA LH2252	suppressed
	HA LH2253	suppressed
	HA LH2254	suppressed
	HA LH2255P	suppressed
	HA LH2256P	suppressed
	HA LH2257	suppressed
	HA LH2258	suppressed
	HA LH2259	suppressed
	HA LH2260	suppressed
	HA LH2261	suppressed
	HA LH2262	suppressed
	HA LH2263	suppressed
	HA LH2300	suppressed
	HA LH2300S	suppressed
	HA LH2301	suppressed
	HA LH2301P	suppressed
	HA LH2302	suppressed
	HA LH2303	suppressed
	HA LH2304	suppressed
	HA LH2305	suppressed
	HA LH2306	suppressed
	HA LH2307	suppressed
	HA LH2309	suppressed
	HA LH2310	suppressed
	HA LH2311	suppressed
	HA LH2312	suppressed
	HA LH2313	suppressed
	HA LH2314	suppressed
	HA LH2315	suppressed
	HA LH2316	suppressed
	HA LH2350	suppressed
	HA LH2350P	suppressed
	HA LH2351	suppressed
	HA LH2351P	suppressed
	HA LH2353	suppressed
	HA LH2354	suppressed
	HA LH2356	suppressed
	HA LH2357	suppressed
	HA LH2359	suppressed
	HA LH2360	suppressed
	HA LH2361	suppressed
	HA LH2362	suppressed
	HA LH2400	suppressed
	HA LH2401	suppressed
	HA LH2403	suppressed
	HA LH2404	suppressed
	HA LH2406	suppressed
	HA LH2407	suppressed
	HA LH2408	suppressed
	HA LH2409	suppressed
	HA LH2410	suppressed
	HA LH2411	suppressed
	HA LH2412	suppressed
	HA LH2413	suppressed
	HA LH2414	suppressed
	HA LH2415	suppressed
	HA LH2416	suppressed
	HA LH2417	suppressed
	HA LH2418	suppressed
	HA LH2419	suppressed
	HA LH2420	suppressed
	HA LH2421	suppressed
	HA LH2450	suppressed
	HA LH2452	suppressed
	HA LH2453	suppressed
	HA LH2454	suppressed
	HA LH2455	suppressed
	HA LH2457	suppressed
	HA LH2458P	suppressed
	HA LH2459	suppressed
	HA LH2461	suppressed
	HA LH2462	suppressed
	HA LH2464	suppressed
	HA LH2465	suppressed
	HA LH2466	suppressed
	HA LH2467	suppressed
	HA LH2468	suppressed
	HA LH2469	suppressed
	HA LH2470	suppressed
	HA LH2471	suppressed
	HA LH2472	suppressed
	HA LH2473	suppressed
	HA LH2501	suppressed
	HA LH2502	suppressed
	HA LH2504	suppressed
	HA LH2508	suppressed
	HA LH2509	suppressed
	HA LH2510	suppressed
	HA LH2511	suppressed
	HA LH2512	suppressed
	HA LH2514	suppressed
	HA LH2515	suppressed
	HA LH2517	suppressed
	HA LH2518	suppressed
	HA LH2519	suppressed
	HA LH2520	suppressed
	HA LH2521	suppressed
	HA LH2522	suppressed
	HA LH2524	suppressed
	HA LH2525	suppressed
	HA LH2550	suppressed
	HA LH2550P	suppressed
	HA LH2551	suppressed
	HA LH2551P	suppressed
	HA LH2552	suppressed
	HA LH2552P	suppressed
	HA LH2553	suppressed
	HA LH2554	suppressed
	HA LH2555	suppressed
	HA LH2558	suppressed
	HA LH2559	suppressed
	HA LH2561	suppressed
	HA LH2562	suppressed
	HA LH2563	suppressed
	HA LH2564	suppressed
	HA LH2565	suppressed
	HA LH2566	suppressed
	HA LH2567	suppressed
	HA LH2568	suppressed
	HA LH2569	suppressed
	HA LH2571	suppressed
	HA LH2572	suppressed
	HA LH2573	suppressed
	HA LH2574	suppressed
	HA LH2575	suppressed
	HA LH2600	suppressed
	HA LH2601	suppressed
	HA LH2601P	suppressed
	HA LH2602P	suppressed
	HA LH2603P	suppressed
	HA LH2604	suppressed
	HA LH2604P	suppressed
	HA LH2605	suppressed
	HA LH2606	suppressed
	HA LH2607	suppressed
	HA LH2608	suppressed
	HA LH2609	suppressed
	HA LH2610	suppressed
	HA LH2611	suppressed
	HA LH2612	suppressed
	HA LH2613	suppressed
	HA LH2614	suppressed
	HA LH2615	suppressed
	HA LH2616	suppressed
	HA LH2617	suppressed
	HA LH2618	suppressed
	HA LH2619	suppressed
	HA LH2621	suppressed
	HA LH2622	suppressed
	HA LH2623	suppressed
	HA LH2624	suppressed
	HA LH2625	suppressed
	HA LH2650	suppressed
	HA LH2651	suppressed
	HA LH2651P	suppressed
	HA LH2652	suppressed
	HA LH2653	suppressed
	HA LH2655	suppressed
	HA LH2656	suppressed
	HA LH2657	suppressed
	HA LH2658	suppressed
	HA LH2659	suppressed
	HA LH2660	suppressed
	HA LH2661	suppressed
	HA LH2662	suppressed
	HA LH2700	suppressed
	HA LH2702	suppressed
	HA LH2704	suppressed
	HA LH2706P	suppressed
	HA LH2707	suppressed
	HA LH2707P	suppressed
	HA LH2708	suppressed
	HA LH2709	suppressed
	HA LH2709P	suppressed
	HA LH2710P	suppressed
	HA LH2711P	suppressed
	HA LH2712	suppressed
	HA LH2713	suppressed
	HA LH2714	suppressed
	HA LH2715	suppressed
	HA LH2716	suppressed
	HA LH2717	suppressed
	HA LH2718	suppressed
	HA LH2719	suppressed
	HA LH2720	suppressed
	HA LH2721	suppressed
	HA LH2722	suppressed
	HA LH2723	suppressed
	HA LH2724	suppressed
	HA LH2725	suppressed
	HA LH2726	suppressed
	HA LH2750	suppressed
	HA LH2751	suppressed
	HA LH2753	suppressed
	HA LH2754	suppressed
	HA LH2755	suppressed
	HA LH2757	suppressed
	HA LH2758	suppressed
	HA LH2760	suppressed
	HA LH2850	suppressed
	HA LH2851	suppressed
	HA LH2852	suppressed
	HA PR_nwiss	suppressed
	HA Ref_Int	suppressed
	HA TU-Verw	suppressed
	HA ZHB_FS	suppressed
	HA ZHB_HD	suppressed
	HA ZHB_HF	suppressed
	HA ZHB_SB	suppressed
	HA ZfW300	suppressed
	HA ZfW400	suppressed
	HA itmc	suppressed
HA	HDZ	suppressed
HA	HRZ	suppressed
HA	HSP	suppressed
HA	IFS	suppressed
HA	K4D	suppressed
HA	LH0003	suppressed
HA	LH0007	suppressed
HA	LH0024	suppressed
HA	LH0028	suppressed
HA	LH0030W	suppressed
HA	LH0032	suppressed
HA	LH0033	suppressed
HA	LH0048	suppressed
HA	LH0067	suppressed
HA	LH0069	suppressed
HA	LH0072	suppressed
HA	LH0072P	suppressed
HA	LH0075	suppressed
HA	LH0079	suppressed
HA	LH0084	suppressed
HA	LH0085	suppressed
HA	LH0087	suppressed
HA	LH0090	suppressed
HA	LH0095	suppressed
HA	LH0097	suppressed
HA	LH0101	suppressed
HA	LH0102	suppressed
HA	LH0102P	suppressed
HA	LH0110	suppressed
HA	LH0110P	suppressed
HA	LH0112	suppressed
HA	LH0112P	suppressed
HA	LH0132	suppressed
HA	LH0132P	suppressed
HA	LH0150	suppressed
HA	LH0151	suppressed
HA	LH0155	suppressed
HA	LH0157P	suppressed
HA	LH0176	suppressed
HA	LH0177	suppressed
HA	LH0180	suppressed
HA	LH0182	suppressed
HA	LH0183	suppressed
HA	LH0184	suppressed
HA	LH0185	suppressed
HA	LH0186	suppressed
HA	LH0188	suppressed
HA	LH0200	suppressed
HA	LH0202	suppressed
HA	LH0202S	suppressed
HA	LH0203	suppressed
HA	LH0203S	suppressed
HA	LH0204	suppressed
HA	LH0217	suppressed
HA	LH0217P	suppressed
HA	LH0220	suppressed
HA	LH0245	suppressed
HA	LH0302	suppressed
HA	LH0305	suppressed
HA	LH0310	suppressed
HA	LH0319	suppressed
HA	LH0319P	suppressed
HA	LH0320	suppressed
HA	LH0320P	suppressed
HA	LH0323	suppressed
HA	LH0323P	suppressed
HA	LH0324	suppressed
HA	LH0324P	suppressed
HA	LH0417	suppressed
HA	LH0430	suppressed
HA	LH0453	suppressed
HA	LH0454	suppressed
HA	LH0456	suppressed
HA	LH0460	suppressed
HA	LH0475	suppressed
HA	LH0480	suppressed
HA	LH0485	suppressed
HA	LH0490	suppressed
HA	LH0500	suppressed
HA	LH0501	suppressed
HA	LH0501S	suppressed
HA	LH0502	suppressed
HA	LH0506	suppressed
HA	LH0508S	suppressed
HA	LH0509	suppressed
HA	LH0517	suppressed
HA	LH0900	suppressed
HA	LH0902	suppressed
HA	LH1208	suppressed
HA	LH1280	suppressed
HA	LH1300P	suppressed
HA	LH1310	suppressed
HA	LH1310P	suppressed
HA	LH1317P	suppressed
HA	LH1329	suppressed
HA	LH1342	suppressed
HA	LH1372	suppressed
HA	LH1385	suppressed
HA	LH1453	suppressed
HA	LH1457	suppressed
HA	LH1464	suppressed
HA	LH1512	suppressed
HA	LH1515	suppressed
HA	LH1603	suppressed
HA	LH1624	suppressed
HA	LH2000	suppressed
HA	LH2001	suppressed
HA	LH2002	suppressed
HA	LH2003	suppressed
HA	LH2004	suppressed
HA	LH2005	suppressed
HA	LH2006	suppressed
HA	LH2007	suppressed
HA	LH2008	suppressed
HA	LH2009	suppressed
HA	LH2012	suppressed
HA	LH2013	suppressed
HA	LH2014	suppressed
HA	LH2015	suppressed
HA	LH2050	suppressed
HA	LH2051	suppressed
HA	LH2052	suppressed
HA	LH2053	suppressed
HA	LH2054	suppressed
HA	LH2057	suppressed
HA	LH2058	suppressed
HA	LH2060	suppressed
HA	LH2062	suppressed
HA	LH2063	suppressed
HA	LH2064	suppressed
HA	LH2065	suppressed
HA	LH2066	suppressed
HA	LH2067	suppressed
HA	LH2068	suppressed
HA	LH2069	suppressed
HA	LH2070	suppressed
HA	LH2100	suppressed
HA	LH2101	suppressed
HA	LH2103	suppressed
HA	LH2104	suppressed
HA	LH2106	suppressed
HA	LH2107	suppressed
HA	LH2108	suppressed
HA	LH2109	suppressed
HA	LH2110	suppressed
HA	LH2111	suppressed
HA	LH2112	suppressed
HA	LH2114	suppressed
HA	LH2115	suppressed
HA	LH2116	suppressed
HA	LH2117	suppressed
HA	LH2118	suppressed
HA	LH2119	suppressed
HA	LH2120	suppressed
HA	LH2150	suppressed
HA	LH2150P	suppressed
HA	LH2153	suppressed
HA	LH2156	suppressed
HA	LH2157	suppressed
HA	LH2158	suppressed
HA	LH2159	suppressed
HA	LH2160	suppressed
HA	LH2162	suppressed
HA	LH2163	suppressed
HA	LH2165	suppressed
HA	LH2166	suppressed
HA	LH2167	suppressed
HA	LH2168	suppressed
HA	LH2169	suppressed
HA	LH2170	suppressed
HA	LH2171	suppressed
HA	LH2172	suppressed
HA	LH2173	suppressed
HA	LH2200	suppressed
HA	LH2202	suppressed
HA	LH2203	suppressed
HA	LH2204	suppressed
HA	LH2205	suppressed
HA	LH2206	suppressed
HA	LH2207	suppressed
HA	LH2208	suppressed
HA	LH2209	suppressed
HA	LH2210	suppressed
HA	LH2213	suppressed
HA	LH2252	suppressed
HA	LH2253	suppressed
HA	LH2254	suppressed
HA	LH2255P	suppressed
HA	LH2256P	suppressed
HA	LH2257	suppressed
HA	LH2258	suppressed
HA	LH2259	suppressed
HA	LH2260	suppressed
HA	LH2261	suppressed
HA	LH2262	suppressed
HA	LH2263	suppressed
HA	LH2264	suppressed
HA	LH2300	suppressed
HA	LH2300S	suppressed
HA	LH2301	suppressed
HA	LH2301P	suppressed
HA	LH2302	suppressed
HA	LH2303	suppressed
HA	LH2304	suppressed
HA	LH2305	suppressed
HA	LH2306	suppressed
HA	LH2307	suppressed
HA	LH2309	suppressed
HA	LH2310	suppressed
HA	LH2311	suppressed
HA	LH2312	suppressed
HA	LH2313	suppressed
HA	LH2314	suppressed
HA	LH2315	suppressed
HA	LH2316	suppressed
HA	LH2317	suppressed
HA	LH2350	suppressed
HA	LH2350P	suppressed
HA	LH2351	suppressed
HA	LH2351P	suppressed
HA	LH2353	suppressed
HA	LH2354	suppressed
HA	LH2356	suppressed
HA	LH2357	suppressed
HA	LH2360	suppressed
HA	LH2361	suppressed
HA	LH2362	suppressed
HA	LH2400	suppressed
HA	LH2401	suppressed
HA	LH2403	suppressed
HA	LH2404	suppressed
HA	LH2406	suppressed
HA	LH2407	suppressed
HA	LH2408	suppressed
HA	LH2409	suppressed
HA	LH2410	suppressed
HA	LH2411	suppressed
HA	LH2412	suppressed
HA	LH2414	suppressed
HA	LH2415	suppressed
HA	LH2416	suppressed
HA	LH2417	suppressed
HA	LH2418	suppressed
HA	LH2419	suppressed
HA	LH2421	suppressed
HA	LH2422	suppressed
HA	LH2450	suppressed
HA	LH2452	suppressed
HA	LH2453	suppressed
HA	LH2454	suppressed
HA	LH2457	suppressed
HA	LH2459	suppressed
HA	LH2461	suppressed
HA	LH2462	suppressed
HA	LH2464	suppressed
HA	LH2467	suppressed
HA	LH2468	suppressed
HA	LH2469	suppressed
HA	LH2470	suppressed
HA	LH2471	suppressed
HA	LH2472	suppressed
HA	LH2473	suppressed
HA	LH2474	suppressed
HA	LH2475	suppressed
HA	LH2476	suppressed
HA	LH2477	suppressed
HA	LH2501	suppressed
HA	LH2502	suppressed
HA	LH2504	suppressed
HA	LH2508	suppressed
HA	LH2509	suppressed
HA	LH2510	suppressed
HA	LH2511	suppressed
HA	LH2512	suppressed
HA	LH2514	suppressed
HA	LH2515	suppressed
HA	LH2517	suppressed
HA	LH2518	suppressed
HA	LH2519	suppressed
HA	LH2520	suppressed
HA	LH2521	suppressed
HA	LH2522	suppressed
HA	LH2524	suppressed
HA	LH2525	suppressed
HA	LH2526	suppressed
HA	LH2550	suppressed
HA	LH2551	suppressed
HA	LH2551P	suppressed
HA	LH2552	suppressed
HA	LH2552P	suppressed
HA	LH2553	suppressed
HA	LH2554	suppressed
HA	LH2555	suppressed
HA	LH2558	suppressed
HA	LH2559	suppressed
HA	LH2561	suppressed
HA	LH2562	suppressed
HA	LH2563	suppressed
HA	LH2564	suppressed
HA	LH2565	suppressed
HA	LH2566	suppressed
HA	LH2567	suppressed
HA	LH2568	suppressed
HA	LH2569	suppressed
HA	LH2571	suppressed
HA	LH2572	suppressed
HA	LH2573	suppressed
HA	LH2574	suppressed
HA	LH2575	suppressed
HA	LH2576	suppressed
HA	LH2577	suppressed
HA	LH2578	suppressed
HA	LH2600	suppressed
HA	LH2601	suppressed
HA	LH2601P	suppressed
HA	LH2602P	suppressed
HA	LH2603P	suppressed
HA	LH2604	suppressed
HA	LH2604P	suppressed
HA	LH2605	suppressed
HA	LH2606	suppressed
HA	LH2607	suppressed
HA	LH2608	suppressed
HA	LH2609	suppressed
HA	LH2610	suppressed
HA	LH2611	suppressed
HA	LH2612	suppressed
HA	LH2613	suppressed
HA	LH2614	suppressed
HA	LH2615	suppressed
HA	LH2616	suppressed
HA	LH2617	suppressed
HA	LH2618	suppressed
HA	LH2619	suppressed
HA	LH2621	suppressed
HA	LH2622	suppressed
HA	LH2623	suppressed
HA	LH2624	suppressed
HA	LH2625	suppressed
HA	LH2626	suppressed
HA	LH2650	suppressed
HA	LH2651	suppressed
HA	LH2651P	suppressed
HA	LH2652	suppressed
HA	LH2653	suppressed
HA	LH2655	suppressed
HA	LH2656	suppressed
HA	LH2657	suppressed
HA	LH2658	suppressed
HA	LH2659	suppressed
HA	LH2660	suppressed
HA	LH2661	suppressed
HA	LH2662	suppressed
HA	LH2663	suppressed
HA	LH2664	suppressed
HA	LH2665	suppressed
HA	LH2666	suppressed
HA	LH2700	suppressed
HA	LH2702	suppressed
HA	LH2704	suppressed
HA	LH2706P	suppressed
HA	LH2707	suppressed
HA	LH2707P	suppressed
HA	LH2708	suppressed
HA	LH2709	suppressed
HA	LH2709P	suppressed
HA	LH2710P	suppressed
HA	LH2711P	suppressed
HA	LH2712	suppressed
HA	LH2713	suppressed
HA	LH2715	suppressed
HA	LH2716	suppressed
HA	LH2717	suppressed
HA	LH2718	suppressed
HA	LH2719	suppressed
HA	LH2720	suppressed
HA	LH2721	suppressed
HA	LH2722	suppressed
HA	LH2723	suppressed
HA	LH2724	suppressed
HA	LH2726	suppressed
HA	LH2727	suppressed
HA	LH2728	suppressed
HA	LH2729	suppressed
HA	LH2750	suppressed
HA	LH2753	suppressed
HA	LH2754	suppressed
HA	LH2755	suppressed
HA	LH2757	suppressed
HA	LH2758	suppressed
HA	LH2760	suppressed
HA	LH2761	suppressed
HA	LH2762	suppressed
HA	LH2763	suppressed
HA	LH2764	suppressed
HA	LH2765	suppressed
HA	LH2766	suppressed
HA	LH2767	suppressed
HA	LH2850	suppressed
HA	LH2851	suppressed
HA	LH2852	suppressed
HA	LH2853	suppressed
HA	LH2854	suppressed
HA	LH2855	suppressed
HA	LH2856	suppressed
HA	PR_nwiss	suppressed
	RES_SHARE IN_RS_REQ	suppressed
	RES_SHARE OUT_RS_REQ	suppressed
HA	Ref_Int	suppressed
	S7 SchliessF	suppressed
HA	TU-Verw	suppressed
EFB	Verm-Auss	suppressed
S7	Verm-Auss	suppressed
	ZB Verm-Auss	suppressed
HA	ZHB_FS	suppressed
HA	ZHB_HD	suppressed
HA	ZHB_HF	suppressed
HA	ZHB_SB	suppressed
HA	ZfW300	suppressed
HA	ZfW400	suppressed
HA	itmc	suppressed
